filerType,hostname,filewalkUser,filewalkPW,agentUser,agentPW,databaseServerUser,databaseServerPW,databaseUser,databasePW,databaseCredType,probeID,collector,collectorUser,CollectorPW,EventAgent,collectEvents,FilewalkAgent,autoDetectShares,LocalAccountsInfo,FileAccessDeniedEvents,FolderAccessDeniedEvents,SaveFSPropertyHistory,unixDomain
windows,IDU62,jt\varonis,password1,jt\varonis,password1,jt\varonis,password1,sa,password1,SQL,1,,,,x,x,x,DetectAndNotify,x,x,,x,
emc,cifs2,jt\varonis,password1,jt\varonis,password1,jt\varonis,password1,jt\varonis,password1,Windows,1,,,,,x,,DetectAndNotify,x,x,,x,
emc,cifs1,jt\varonis,password1,jt\varonis,password1,jt\varonis,password1,sa,password1,SQL,1,,,,,x,,DetectAndNotify,x,x,,x,

